time,ultrasonic-readout,signal-strength,gps-location-n,gps-location-w,water-temperature,battery-percentage
0,14.03,Null,34.188157,-119.223811,64.3,9.14352021
1,14.03514616,1.36E-05,34.18814771,-119.2238114,64.30779993,9.1157658
2,14.05228102,1.80E-05,34.1881449,-119.2238189,64.30386783,9.062115597
3,14.07979088,1.86E-05,34.18815908,-119.2238154,64.31478333,9.018478328
4,14.03438023,1.23E-05,34.1881562,-119.2238097,64.32190679,9.016894106
5,14.03822696,2.65E-05,34.18815876,-119.2237896,64.31994057,9.015362597
6,14.04833085,1.17E-05,34.18814351,-119.2237921,64.312085,8.958324336
7,14.01431849,9.78E-06,34.18814512,-119.2237984,64.31628588,9.099446729
8,14.00215768,4.70E-07,34.18814535,-119.2238013,64.32045087,9.012322566
9,13.97772289,2.27E-05,34.18812573,-119.2238055,64.32398395,9.017744573
10,13.93804229,2.06E-05,34.18812318,-119.2238102,64.32629407,8.997683342
11,13.92280509,3.60E-05,34.18812032,-119.2237981,64.32541052,9.036052767
12,13.9144008,6.99E-05,34.18810502,-119.2237939,64.32395551,9.10741129
13,13.91553329,7.67E-05,34.18809417,-119.2237975,64.32694083,9.110162918
14,13.89937708,5.10E-05,34.18810593,-119.2238042,64.32784545,8.91536941
15,13.85084531,5.42E-05,34.18810332,-119.2238005,64.32352778,9.018040322
16,13.86427568,2.92E-05,34.18811185,-119.2238087,64.31893552,8.973325164
17,13.8484286,4.49E-05,34.18812675,-119.2237976,64.31864753,8.999328585
18,13.89086401,4.63E-05,34.18814213,-119.223801,64.32037297,9.158130248
19,13.88063364,7.64E-05,34.18813941,-119.2237918,64.32021529,9.003753906
20,13.88329513,9.27E-05,34.18812753,-119.2237773,64.32340663,9.079441644
21,13.87707756,7.81E-05,34.18813767,-119.2237892,64.32296915,9.012559488
22,13.91191124,6.68E-05,34.18812063,-119.2237981,64.31707511,9.132199854
23,13.93534168,6.42E-05,34.1881158,-119.223798,64.3220457,8.937774669
24,13.92317933,5.11E-05,34.18812162,-119.2237938,64.31781488,9.061054124
25,13.90236583,6.41E-05,34.18812964,-119.2237891,64.32365702,9.090296642
26,13.90880339,5.96E-05,34.18813541,-119.2237828,64.31968724,9.007507915
27,13.88920313,5.13E-05,34.18814254,-119.2237821,64.31585384,9.103215695
28,13.88888167,5.08E-05,34.18814817,-119.2237912,64.3133146,8.9257569
29,13.94747602,5.77E-05,34.18815643,-119.2238052,64.30721056,9.022567185
30,13.89650268,6.43E-05,34.18815649,-119.2237922,64.30357631,9.008830537
31,13.91152383,6.63E-05,34.18815411,-119.2237984,64.30919849,8.850675791
32,13.90707634,7.92E-05,34.18816116,-119.2237998,64.30774851,8.939302109
33,13.8622201,4.85E-05,34.18814557,-119.2238173,64.30773491,8.908930087
34,13.84344977,4.17E-05,34.18813795,-119.2238217,64.30755676,9.05993506
35,13.82562379,3.89E-05,34.18813398,-119.2238064,64.31024932,8.813571817
36,13.85185667,5.38E-05,34.18814091,-119.2237969,64.30155203,8.9911693
37,13.86565101,3.61E-05,34.18814542,-119.2237943,64.29606771,9.067523403
38,13.8455201,2.77E-05,34.18814766,-119.2237947,64.2926218,8.987972946
39,13.87605313,1.36E-05,34.18814788,-119.2238087,64.29568721,8.865011061
40,13.90549116,2.15E-05,34.18815018,-119.2238159,64.29383135,8.911629375
41,13.90130414,2.90E-05,34.18814801,-119.2238033,64.29423166,9.038240558
42,13.87201073,1.82E-05,34.18815407,-119.2237941,64.28901114,9.066665432
43,13.83269888,2.32E-05,34.18812805,-119.2237954,64.28399011,8.918979578
44,13.83317828,3.33E-05,34.18812216,-119.2237942,64.29400768,8.945919205
45,13.82947453,3.38E-05,34.18812114,-119.2237993,64.29677475,8.841391367
46,13.80743017,5.03E-05,34.18810954,-119.2238073,64.29548481,8.997314212
47,13.85638122,4.62E-05,34.18810669,-119.2237965,64.29221105,8.951554686
48,13.83248441,4.14E-05,34.18811251,-119.2237988,64.29669948,9.066748756
49,13.81702386,6.19E-05,34.18809841,-119.2237939,64.29126118,9.040055536
50,13.82329558,6.91E-05,34.18810522,-119.2237906,64.29697828,8.976674587
51,13.83713031,6.71E-05,34.18810349,-119.2237818,64.29438042,8.973316484
52,13.80303045,9.46E-05,34.18808356,-119.2237959,64.29202228,8.978684733
53,13.79345698,0.000109366468,34.18808239,-119.223812,64.29412797,9.099989109
54,13.77454692,9.17E-05,34.18809324,-119.2238157,64.29610137,8.82570433
55,13.78209957,9.87E-05,34.18809439,-119.2238241,64.2983913,8.96530468
56,13.81843336,9.25E-05,34.1880924,-119.22382,64.29875844,9.024532539
57,13.83695702,7.55E-05,34.18809086,-119.2238229,64.29614799,8.957738328
58,13.82281185,7.87E-05,34.18807835,-119.2238183,64.28938457,8.970264748
59,13.83737339,8.88E-05,34.18805863,-119.2238048,64.28868392,8.917424658
60,13.79930178,8.86E-05,34.18806258,-119.2238087,64.28804954,8.840654542
61,13.77553819,7.45E-05,34.18805332,-119.2237965,64.27790977,8.924989278
62,13.74229439,6.01E-05,34.18808133,-119.2237976,64.28240399,8.833934753
63,13.71414385,4.60E-05,34.18808965,-119.2238061,64.28730908,8.982771371
64,13.70073663,4.90E-05,34.18807884,-119.2238035,64.28372839,8.860412928
65,13.67978306,6.04E-05,34.18808783,-119.2238089,64.28738635,8.898289837
66,13.70317606,5.16E-05,34.18808715,-119.2238241,64.29110595,8.947256277
67,13.68050205,4.78E-05,34.18808512,-119.2238234,64.29082287,8.73257918
68,13.67363175,5.08E-05,34.18807689,-119.2238138,64.28357343,8.894683136
69,13.70688871,4.96E-05,34.1880884,-119.2238115,64.28577793,8.88849401
70,13.69575787,5.37E-05,34.18809777,-119.2238207,64.28807361,8.889740464
71,13.71507944,7.79E-05,34.18809142,-119.2238372,64.29170286,8.942485045
72,13.69033378,9.09E-05,34.18810977,-119.2238387,64.28794115,9.077583431
73,13.66965725,8.47E-05,34.18810052,-119.2238361,64.28395591,8.952736694
74,13.67203323,9.23E-05,34.18808947,-119.223844,64.2852537,8.873899671
75,13.6827105,0.0001043798077,34.18808533,-119.2238407,64.28115665,8.838767723
76,13.68367149,0.0001000308678,34.188093,-119.2238533,64.28085146,9.042884015
77,13.69473901,0.0001102461707,34.18809125,-119.2238666,64.27988158,8.954507979
78,13.67188921,9.82E-05,34.18809425,-119.2238556,64.27831697,8.798687256
79,13.69823606,9.70E-05,34.18809643,-119.2238566,64.27905613,8.893539492
80,13.70969369,0.0001089839569,34.18807914,-119.2238473,64.27934595,8.99513542
81,13.67744839,0.0001115316107,34.18809006,-119.2238597,64.2741602,8.883896021
82,13.71940233,0.0001104506064,34.18808982,-119.223866,64.26955517,8.812813042
83,13.75401632,0.0001030888505,34.18809218,-119.2238588,64.27048312,8.951119151
84,13.71380865,0.0001067754794,34.18809878,-119.2238676,64.27408356,8.844993365
85,13.73501748,0.000129103992,34.18807635,-119.2238639,64.26753454,9.045503371
86,13.71391536,0.0001335304256,34.18805761,-119.2238522,64.26571234,8.850439782
87,13.73144579,0.0001188336638,34.18806479,-119.2238516,64.26747382,9.06018488
88,13.73205066,0.0001024025553,34.18806355,-119.2238461,64.27802896,8.882904646
89,13.73040025,0.0001060779136,34.18807836,-119.2238439,64.27752238,8.982001161
90,13.71038087,0.0001020315785,34.18806632,-119.2238336,64.28280027,8.930612387
91,13.75221088,9.96E-05,34.18807138,-119.2238279,64.28240676,9.004077819
92,13.76393729,9.56E-05,34.18807491,-119.2238272,64.28249641,8.870210823
93,13.77995135,0.0001025511744,34.18806308,-119.2238072,64.27830287,8.84241514
94,13.75240644,9.72E-05,34.18807018,-119.223812,64.27444273,8.8863874
95,13.78191607,0.0001565091039,34.18804916,-119.2238444,64.27638136,8.943765904
96,13.76173785,0.0001425962313,34.1880596,-119.2238449,64.27899702,8.740689177
97,13.74771008,0.0001751649793,34.18803738,-119.2238401,64.2851235,8.891672977
98,13.7546961,0.0001691054305,34.18803543,-119.2238248,64.27908414,8.902215796
99,13.75504709,0.0001823815844,34.18802137,-119.2238052,64.2782737,8.990729169
100,13.75078679,0.0001948161737,34.18801682,-119.2237965,64.28336366,8.77863376
101,13.75764314,0.0001885889277,34.18801527,-119.2238152,64.27662489,8.946273443
102,13.75397969,0.0002042266381,34.18802391,-119.2238243,64.28008388,8.966813593
103,13.78786944,0.000206023548,34.18801717,-119.2238146,64.27447508,8.849323038
104,13.82224459,0.0001892249415,34.18801631,-119.2238104,64.27606875,8.756623362
105,13.84349747,0.0001892248815,34.18800709,-119.2238047,64.27684829,9.015048526
106,13.82843604,0.00018179795,34.18800811,-119.2237958,64.27155159,8.905262247
107,13.81246524,0.0001740290601,34.18799956,-119.2237745,64.27372965,8.919917385
108,13.77990045,0.0001964807285,34.18799631,-119.2237528,64.28232771,8.908436462
109,13.81373628,0.0002101933967,34.18797959,-119.2237592,64.28502501,8.90388866
110,13.7904787,0.0002414185694,34.1879707,-119.223753,64.28274128,8.843740758
111,13.74799735,0.0002538463048,34.18795499,-119.2237567,64.2874158,8.846501615
112,13.74973271,0.0002390470026,34.18796382,-119.2237791,64.29114235,8.973705141
113,13.74451468,0.0002495314841,34.18796175,-119.2237693,64.29333741,8.864871815
114,13.74850843,0.0002605893468,34.18795898,-119.2237789,64.30030616,8.885742536
115,13.76005712,0.0002720375632,34.18795557,-119.2237725,64.30024149,8.911781252
116,13.7719197,0.0002807397456,34.1879432,-119.2237743,64.29581892,8.766707797
117,13.77092819,0.0002769548336,34.18795039,-119.22377,64.29295972,8.875985479
118,13.78408059,0.0002594906854,34.18795561,-119.2237521,64.29140517,8.801220108
119,13.78258801,0.0002738054404,34.18794604,-119.2237496,64.29621002,8.782819518
120,13.75355627,0.0002747512394,34.1879492,-119.2237533,64.29450609,8.756434187
121,13.75265502,0.0002825028274,34.18795276,-119.2237607,64.29755541,8.988658975
122,13.74771573,0.0003057408736,34.18795923,-119.223772,64.30473549,8.855795194
123,13.76071422,0.0003020168329,34.1879578,-119.2237761,64.30344856,8.938781366
124,13.77643514,0.0003136635871,34.18795334,-119.2237806,64.30527572,8.89249012
125,13.7832772,0.0003237434034,34.18793794,-119.2237743,64.30389925,8.849174519
126,13.76677105,0.000329152087,34.1879443,-119.2237772,64.30762534,8.710522502
127,13.7510635,0.0003388092409,34.18794388,-119.2237855,64.30319758,8.703585786
128,13.7339374,0.0003412740088,34.18794168,-119.2237852,64.2984565,8.854405048
129,13.71057679,0.0003457141468,34.18794522,-119.223781,64.29592877,8.797541484
130,13.70169669,0.0003419546754,34.18794378,-119.2237752,64.2907852,8.622782586
131,13.66191129,0.0003480602156,34.1879373,-119.2237749,64.28403092,8.834511936
132,13.648965,0.0003577488757,34.18792851,-119.2237818,64.28047569,8.847556845
133,13.65563538,0.0003883272238,34.18791231,-119.2238069,64.29065287,8.84245198
134,13.64706021,0.0004054042744,34.18791814,-119.2238082,64.29431526,8.976420044
135,13.64654079,0.0004050628467,34.1879087,-119.223794,64.28918221,8.705014323
136,13.60196542,0.0003889249934,34.18791527,-119.22379,64.29104844,8.712169269
137,13.59071867,0.0003698176567,34.1879397,-119.2237826,64.29134951,8.684071375
138,13.54867594,0.0003899173792,34.18793619,-119.2237777,64.29129732,8.782496538
139,13.52146867,0.0003940738116,34.18793194,-119.2237705,64.28938925,8.745678457
140,13.56241616,0.0004076680965,34.18792119,-119.2237766,64.28639776,8.734599349
141,13.56597793,0.0004157656734,34.18793283,-119.2237803,64.28695792,8.805259959
142,13.59098992,0.0004417417205,34.18792439,-119.2237818,64.28392223,8.804052702
143,13.60136022,0.000444804168,34.18792331,-119.2238036,64.2803592,8.840751961
144,13.6129931,0.0004061868529,34.18792976,-119.2237993,64.27964957,8.755898141
145,13.62226269,0.0003887462063,34.18794894,-119.2237846,64.27298653,8.792969876
146,13.64525253,0.0003670676516,34.18796374,-119.2237632,64.26646479,8.837916117
147,13.64715999,0.0003466946216,34.18796921,-119.2237492,64.26535085,8.741424626
148,13.66006627,0.0003453250827,34.18798049,-119.223754,64.26429919,8.853800105
149,13.62717436,0.0003583695953,34.18797962,-119.2237538,64.26590296,8.966061959
150,13.57131839,0.0003681052255,34.18797739,-119.2237636,64.26818009,8.770838646
151,13.5692625,0.0003631463425,34.18796953,-119.2237609,64.26602845,8.874806839
152,13.56250846,0.0003774627078,34.18797457,-119.2237704,64.2636266,8.799831569
153,13.5476853,0.0003580736454,34.18798657,-119.2237806,64.26172698,8.756693082
154,13.54692302,0.0003601121579,34.18798559,-119.2237888,64.26065575,8.772262109
155,13.53139168,0.0003557935803,34.1879966,-119.2237828,64.26689244,8.811726839
156,13.46732904,0.000347872149,34.1880008,-119.2237634,64.26504446,8.717639421
157,13.4772096,0.0003429354681,34.18800524,-119.2237571,64.26149822,8.87132311
158,13.50055326,0.000310630316,34.18803374,-119.22376,64.25646289,8.861325151
159,13.50172685,0.0003146298933,34.18803774,-119.2237662,64.25273206,8.712780696
160,13.5280135,0.0003253293948,34.1880263,-119.2237736,64.24863695,8.778210831
161,13.52266028,0.0003324953218,34.18801563,-119.2237684,64.24323843,8.757658173
162,13.53537738,0.0003548083368,34.18801294,-119.223763,64.24520981,8.638622562
163,13.53256166,0.0003517447407,34.18801344,-119.2237658,64.2478351,8.784172852
164,13.59751971,0.0003535857097,34.18801215,-119.2237458,64.2542543,8.894409917
165,13.60766388,0.0003706416183,34.18799604,-119.2237325,64.25025949,8.764176184
166,13.60648522,0.0003879510046,34.18799115,-119.2237367,64.24379168,8.947594792
167,13.62194227,0.0003999659818,34.18798267,-119.2237296,64.25184115,8.696228257
168,13.64471106,0.0004069426207,34.18796839,-119.2237297,64.26065826,8.661350636
169,13.62289294,0.0004062956027,34.18797379,-119.2237229,64.2547715,8.792694035
170,13.65685077,0.0004322275213,34.18796844,-119.2237392,64.24750831,8.74477346
171,13.67819328,0.0004469474106,34.1879532,-119.2237374,64.24951382,8.728728391
172,13.70419272,0.0004538229875,34.18795358,-119.2237296,64.238667,8.701930074
173,13.74049904,0.0004649755208,34.18794664,-119.2237274,64.23797001,8.834384228
174,13.74352315,0.0004598296059,34.18794965,-119.2237279,64.23878369,8.789484172
175,13.69289899,0.0004454275857,34.18796906,-119.223737,64.23878867,8.705958768
176,13.70497587,0.0004339627071,34.18796434,-119.2237146,64.23857747,8.772032724
177,13.72728141,0.0004204947162,34.18798834,-119.2237173,64.22838332,8.864729024
178,13.72518494,0.0004133118908,34.18797813,-119.223733,64.23093487,8.866692009
179,13.72384489,0.0004137057365,34.18798107,-119.2237275,64.22609891,8.772970768
180,13.72094439,0.0003806387759,34.18799065,-119.2237367,64.22359196,8.728869567
181,13.7187751,0.0004119101365,34.18797219,-119.2237388,64.21930565,8.627704964
182,13.6896337,0.0004259908961,34.18796662,-119.2237318,64.22228976,8.798618198
183,13.73438132,0.0004100851148,34.18798279,-119.2237503,64.21383747,8.638707182
184,13.75424014,0.0004009842686,34.18799833,-119.2237486,64.21139289,8.635939228
185,13.73669197,0.000389060963,34.18799909,-119.22374,64.20820876,8.848997786
186,13.74252143,0.0003854015706,34.18799216,-119.2237428,64.21237329,8.698555113
187,13.75660127,0.0003632485216,34.18800015,-119.2237439,64.21188379,8.791072454
188,13.77548234,0.0003546757699,34.18802266,-119.2237512,64.20896602,8.803658478
189,13.76399059,0.0003436680292,34.18802049,-119.2237349,64.20715222,8.687738183
190,13.75052545,0.0003324643388,34.1880271,-119.2237277,64.21080941,8.709815203
191,13.78834042,0.0003579964886,34.18800968,-119.2237122,64.20544764,8.88053067
192,13.7771673,0.0003566229631,34.18800655,-119.2237041,64.20152304,8.656440701
193,13.807237,0.0003888056068,34.18799803,-119.2237069,64.20671869,8.767144736
194,13.81575842,0.0003998169151,34.18800365,-119.2237054,64.20504216,8.742610546
195,13.80671914,0.0004260207111,34.18799487,-119.2237058,64.1991842,8.550831353
196,13.79964205,0.0004343990968,34.18799568,-119.2237021,64.20317747,8.668157796
197,13.81327128,0.0004282236424,34.18798868,-119.2237126,64.20194299,8.656924592
198,13.78789548,0.0004042262683,34.18800468,-119.2237057,64.19842948,8.779390839
199,13.81056324,0.0003950185167,34.18802776,-119.2237009,64.19690808,8.65950643
200,13.78811446,0.0003950669744,34.1880274,-119.2237002,64.19372917,8.774272334
201,13.76099704,0.0003912068805,34.18803191,-119.2236974,64.19069249,8.572926086
202,13.75054613,0.0004093330563,34.1880235,-119.2237122,64.19220964,8.722674495
203,13.77558927,0.0004323614409,34.18801059,-119.2237166,64.19796919,8.646955945
204,13.82509321,0.0004190196927,34.18801286,-119.2237234,64.20062221,8.739401063
205,13.81254206,0.0004196413179,34.18800125,-119.2237215,64.20578958,8.800198068
206,13.80462445,0.0004139884203,34.1880108,-119.2237385,64.20334499,8.609586577
207,13.82704251,0.0004079235305,34.18800958,-119.2237339,64.20019888,8.662901709
208,13.81061501,0.0003825470795,34.1880165,-119.2237337,64.20119049,8.677720998
209,13.77596402,0.0003741281884,34.18801881,-119.2237297,64.20573367,8.751530291
210,13.76991664,0.0003780644515,34.18800736,-119.2237267,64.2141878,8.542298203
211,13.74635134,0.000370630692,34.1880017,-119.223737,64.21107454,8.811963303
212,13.73718755,0.0003721679813,34.18799687,-119.2237381,64.20947874,8.642032371
213,13.73589706,0.0003482143232,34.18800907,-119.2237334,64.20743544,8.749837955
214,13.71959093,0.0003326871147,34.18802274,-119.2237325,64.20878066,8.696125621
215,13.73959269,0.000323944726,34.18802385,-119.2237252,64.21148197,8.677657038
216,13.72186869,0.0003257407897,34.18801667,-119.2237113,64.21698359,8.667103337
217,13.74060333,0.0003128556775,34.18802653,-119.2237042,64.21554843,8.653617554
218,13.73084031,0.000313108525,34.18802907,-119.2237074,64.21865785,8.525632594
219,13.7410227,0.0003056552841,34.18803419,-119.2237087,64.21885942,8.747838816
220,13.70548611,0.0003020167415,34.18803458,-119.2237058,64.21442709,8.655669201
221,13.68231723,0.0002900963036,34.18802815,-119.2237102,64.21807641,8.664287948
222,13.64408289,0.0002845508021,34.18803906,-119.2237156,64.21839722,8.600555924
223,13.64911218,0.0002961867551,34.18803535,-119.2237274,64.22386859,8.632392904
224,13.57830869,0.0003113572066,34.18802345,-119.2237252,64.22426495,8.742679549
225,13.54467227,0.0003299635233,34.18801217,-119.2237188,64.23015684,8.794744205
226,13.52195686,0.0003311261625,34.18802259,-119.2237213,64.22879183,8.656095775
227,13.47112789,0.0003431737178,34.18800778,-119.2237226,64.23270184,8.71888511
228,13.51819615,0.0003429777407,34.18800852,-119.2237088,64.22663021,8.656164864
229,13.47213312,0.000349929821,34.18800958,-119.2237053,64.22374519,8.668218684
230,13.44119849,0.0003483236728,34.18801769,-119.2237111,64.22496319,8.779715732
231,13.41459414,0.0003618845802,34.18802377,-119.2237048,64.22409244,8.685300203
232,13.41577879,0.0003460231813,34.18804998,-119.2236951,64.22979139,8.649496397
233,13.38721708,0.0003148637775,34.18806132,-119.2237158,64.22484882,8.518195344
234,13.37359496,0.000321742913,34.18805076,-119.2237199,64.22951654,8.613617609
235,13.40042954,0.000314822366,34.18804324,-119.2237074,64.22913933,8.663845882
236,13.39259425,0.0002801927159,34.18805419,-119.2237068,64.22437214,8.720049843
237,13.39084777,0.000276993443,34.1880507,-119.2236973,64.22277333,8.61440375
238,13.36065264,0.0002834379276,34.18804473,-119.223696,64.23297827,8.604098667
239,13.35052583,0.0003123414257,34.18802833,-119.2236986,64.23788216,8.632709023
240,13.3502668,0.0003265054396,34.1880195,-119.2236968,64.24079338,8.604804356
241,13.32940722,0.0003126964974,34.18802802,-119.2236917,64.2432575,8.639672738
242,13.30215307,0.0003180898726,34.18799851,-119.2236917,64.24861362,8.720909857
243,13.33300092,0.0002907654334,34.18801599,-119.2236876,64.24637471,8.574091942
244,13.32467948,0.0002962816878,34.18802331,-119.2236865,64.24534517,8.559942741
245,13.32732242,0.0003016518373,34.18802119,-119.2236624,64.2505008,8.644609734
246,13.35432757,0.0003046634514,34.18802558,-119.2236622,64.25821043,8.600263694
247,13.39577842,0.0003034457259,34.18802205,-119.223679,64.25738244,8.558476356
248,13.39278226,0.000319433397,34.18801711,-119.2236709,64.25372943,8.603589253
249,13.44722994,0.00033648798,34.18801394,-119.223653,64.2524303,8.591810167
250,13.45200861,0.0003403311297,34.18802097,-119.2236469,64.24583624,8.632460005
251,13.51243872,0.000346540829,34.18801828,-119.2236533,64.24593398,8.545935544
252,13.51416044,0.0003382974655,34.18801264,-119.223658,64.24405232,8.614759973
253,13.51192034,0.0003327459114,34.18800894,-119.2236373,64.25057454,8.668898005
254,13.48890485,0.0003432220196,34.18799456,-119.2236486,64.24988749,8.660821613
255,13.45023599,0.0003403275648,34.18799709,-119.2236455,64.24984008,8.694854663
256,13.48112284,0.0003425745346,34.18799447,-119.223647,64.25031433,8.442264886
257,13.49591613,0.0003479742434,34.1880011,-119.2236087,64.24508973,8.760700346
258,13.50657883,0.0003582806688,34.1879919,-119.2236153,64.24774436,8.543282821
259,13.5323706,0.0003580276812,34.18798759,-119.2236129,64.25344759,8.662283219
260,13.54517944,0.0003537767078,34.18800115,-119.2236056,64.24573078,8.559172583
261,13.57836898,0.0003335011275,34.18800069,-119.2236177,64.24505732,8.673141185
262,13.60099448,0.0003378019888,34.18800699,-119.2236001,64.24489681,8.684132603
263,13.61654749,0.0003309662765,34.18800368,-119.2236144,64.25017091,8.599089139
264,13.62410043,0.0003456004623,34.18797987,-119.223623,64.24923841,8.507278465
265,13.62913471,0.0003484686313,34.18797788,-119.2236131,64.24721078,8.457212908
266,13.65531857,0.0003503713802,34.18798069,-119.2236157,64.24647641,8.597143595
267,13.67848516,0.0003757756468,34.18797434,-119.2236025,64.2524035,8.574137938
268,13.71608709,0.0003679797581,34.18798233,-119.2235985,64.24959072,8.562250129
269,13.69090111,0.0003786604865,34.18796812,-119.2235967,64.24895575,8.451280049
270,13.69740349,0.0004007985159,34.1879549,-119.223598,64.25629302,8.596268706
271,13.68538759,0.0003933845174,34.18796177,-119.2236114,64.25671571,8.572522076
272,13.65945392,0.0003930418671,34.18797082,-119.2236108,64.26413228,8.537731294
273,13.65679031,0.0003857856008,34.18798473,-119.2236171,64.26477901,8.477750465
274,13.64964136,0.0003835994782,34.18798776,-119.22361,64.26122532,8.494415854
275,13.64616117,0.0003684000421,34.18799049,-119.2236162,64.26040969,8.700539198
276,13.58271304,0.0003685118055,34.18797744,-119.223625,64.25577136,8.360813985
277,13.56988827,0.0003865507156,34.18796699,-119.2236257,64.24982181,8.572225434
278,13.54384814,0.0003939077425,34.18795675,-119.2236191,64.24435203,8.589734023
279,13.53819996,0.0004027704443,34.18795714,-119.2236154,64.23944659,8.539580032
280,13.50211887,0.0004143913041,34.18796062,-119.2236109,64.24634546,8.696703274
281,13.49187393,0.000412540495,34.18796429,-119.2236107,64.23848562,8.545864475
282,13.51520902,0.0004259351755,34.18794423,-119.2236148,64.2391256,8.500849267
283,13.55808472,0.0004392747373,34.18794879,-119.2236012,64.23958448,8.609975558
284,13.58694073,0.000448256284,34.18794841,-119.2235777,64.24488819,8.453382273
285,13.60214602,0.0004508841688,34.18795502,-119.2235701,64.24295539,8.469846885
286,13.62591182,0.0004516834599,34.18796865,-119.2235621,64.23104746,8.69462996
287,13.66253338,0.0004706542739,34.18795529,-119.2235578,64.22533061,8.51039082
288,13.65422429,0.0004840680125,34.18796329,-119.223556,64.22302704,8.458705625
289,13.65918621,0.0004772169935,34.18796103,-119.2235579,64.22691916,8.515968252
290,13.62116453,0.0004960591997,34.18795933,-119.2235502,64.22929318,8.558183124
291,13.58155649,0.0004992076501,34.18794892,-119.2235606,64.23579059,8.406158899
292,13.61011428,0.0005039624064,34.18795092,-119.2235623,64.23062797,8.575097929
293,13.60902376,0.0004822651667,34.18796726,-119.2235452,64.23501512,8.418867165
294,13.62447251,0.0004957460255,34.18796319,-119.2235474,64.23705483,8.471055244
295,13.61786526,0.0005054805905,34.18797214,-119.2235376,64.2375363,8.477432885
296,13.64211591,0.0005155600087,34.18797614,-119.2235231,64.23419181,8.602176001
297,13.62151989,0.0005143294556,34.1879836,-119.2235242,64.23512994,8.581901016
298,13.66278727,0.0005375594821,34.18797112,-119.2235216,64.22665166,8.346055308
299,13.67563485,0.0005079730882,34.1879785,-119.223527,64.2189585,8.508942917
300,13.68429011,0.0005327628938,34.18796648,-119.2235247,64.2147966,8.498727148
301,13.72822588,0.0005411877797,34.1879741,-119.2235124,64.21746155,8.56045786
302,13.68192955,0.0005525420971,34.1879561,-119.2235165,64.21386438,8.469355034
303,13.66825081,0.0005846281667,34.18795727,-119.2235007,64.2186684,8.432391026
304,13.6332207,0.0005780639298,34.187961,-119.2234832,64.21520782,8.563234602
305,13.66183175,0.0005873950089,34.18795689,-119.2235018,64.21526179,8.546204801
306,13.64035891,0.0005654438684,34.18796499,-119.2235236,64.22531788,8.511011665
307,13.62889778,0.0005787908059,34.18795563,-119.2235177,64.22744301,8.471281403
308,13.64444141,0.0006072644256,34.18795076,-119.2235146,64.23307575,8.308649284
309,13.64793223,0.0005908057043,34.18797828,-119.2234901,64.23723988,8.462381807
310,13.66077469,0.0005979038993,34.18797901,-119.2234667,64.23784071,8.374292893
311,13.62126756,0.0006041360742,34.18797983,-119.2234696,64.23405745,8.496097173
312,13.6161291,0.0006056443771,34.18798056,-119.2234749,64.23139973,8.412376609
313,13.59716381,0.0005992104766,34.18799305,-119.2234781,64.2351442,8.405997005
314,13.58198193,0.0005903915288,34.18799097,-119.22349,64.23505551,8.391654538
315,13.56321527,0.0005666525996,34.18800656,-119.2234857,64.22899948,8.504713392
316,13.55407717,0.0005752808377,34.18800694,-119.2234746,64.22876194,8.495593959
317,13.5690328,0.0005734475614,34.18801072,-119.2234711,64.23412062,8.367898369
318,13.52650568,0.000576525078,34.18799767,-119.2234784,64.22707036,8.391959418
319,13.5509966,0.0005913259652,34.18799525,-119.2234816,64.22256336,8.546283596
320,13.53511868,0.0006183993778,34.18797735,-119.2234721,64.21990473,8.449811322
321,13.55276851,0.0006251248556,34.18797407,-119.2234789,64.21810851,8.52373655
322,13.57604265,0.0006246095074,34.18796534,-119.2234902,64.22679128,8.350242337
323,13.56455884,0.0006233967483,34.18796478,-119.2234923,64.24034606,8.506128234
324,13.56193451,0.0006169405111,34.18795653,-119.2234941,64.23938664,8.396730901
325,13.56685128,0.0006232018529,34.18794837,-119.2234813,64.2525349,8.511158958
326,13.55392756,0.0006277938124,34.18794824,-119.2234724,64.25437415,8.527259955
327,13.55199276,0.0006385455439,34.18795134,-119.2234828,64.25400297,8.496473742
328,13.55366882,0.0006437711732,34.1879427,-119.2234845,64.25877741,8.355564957
329,13.53873622,0.0006319156166,34.18794266,-119.2234918,64.2621054,8.400897041
330,13.52630714,0.0006181852468,34.18794019,-119.2234967,64.26522925,8.347635651
331,13.56604051,0.0006224493338,34.18794094,-119.2234974,64.26685303,8.582755715
332,13.58067363,0.0006152451438,34.18793774,-119.2235032,64.2676723,8.535340017
333,13.5665092,0.0006138491654,34.18793842,-119.2235106,64.26661165,8.427323812
334,13.54965811,0.000645044467,34.18792821,-119.2234849,64.26762384,8.573970326
335,13.55506118,0.0006663276904,34.18790603,-119.2234927,64.26379356,8.308900331
336,13.54411169,0.0006350636246,34.18790079,-119.2235139,64.27240857,8.442066912
337,13.53938379,0.0006272482862,34.18790662,-119.2235147,64.2771957,8.340206285
338,13.53760451,0.0006392403697,34.18789664,-119.2235118,64.28358082,8.24405594
339,13.53772229,0.0006292498717,34.18790052,-119.223512,64.2795174,8.483281942
340,13.50809108,0.0006247668572,34.18791797,-119.2234988,64.28282985,8.442304493
341,13.51194883,0.0006453570093,34.18791946,-119.2234828,64.2873188,8.480024548
342,13.51844764,0.0006500034982,34.18791717,-119.2234817,64.28457405,8.359956921
343,13.53729715,0.0006742185504,34.1879207,-119.2234738,64.28223894,8.412084711
344,13.51694704,0.0006644775596,34.18791584,-119.2234694,64.27643995,8.512590854
345,13.51828023,0.0006482325635,34.18791449,-119.2234808,64.28340334,8.364432953
346,13.52863153,0.0006526281166,34.18791735,-119.2234886,64.28217955,8.430204959
347,13.49175454,0.0006410034596,34.18792322,-119.2234986,64.28194396,8.357214632
348,13.49760063,0.0006464128979,34.1879209,-119.2234874,64.2810789,8.280699141
349,13.52058843,0.0006533620758,34.18790137,-119.2234937,64.2776554,8.341581835
350,13.54172383,0.0006425592512,34.18790048,-119.2235161,64.2749176,8.403748174
351,13.53963018,0.0006264581382,34.18790734,-119.2235267,64.28317768,8.523705853
352,13.54611218,0.0006439044999,34.18789845,-119.2235169,64.29050587,8.36665638
353,13.55647414,0.0006416149009,34.18789473,-119.2235336,64.29001236,8.524733505
354,13.55227303,0.000651272693,34.18790076,-119.2235328,64.28820767,8.457144934
355,13.55721908,0.0006616181644,34.18789319,-119.2235187,64.28658418,8.513131575
356,13.53941516,0.0006676057641,34.18789703,-119.2235142,64.29022362,8.209508232
357,13.49669343,0.0006643243584,34.18789847,-119.2235108,64.28830696,8.345424214
358,13.46395976,0.0006704671541,34.18789723,-119.2235094,64.28925674,8.329217754
359,13.45590873,0.000689458154,34.18789536,-119.2234984,64.28902694,8.360024699
360,13.46054511,0.0006759299379,34.18791943,-119.2235051,64.28664873,8.208222777
361,13.45128066,0.0006631024879,34.18793197,-119.2234967,64.28891502,8.313627798
362,13.46351111,0.0006756983528,34.18793519,-119.223503,64.29073416,8.509171669
363,13.44422931,0.0006866385524,34.18792623,-119.2235108,64.28667494,8.393811252
364,13.44768179,0.0006883600875,34.18792528,-119.2235116,64.28718802,8.364376238
365,13.42716266,0.0006690853201,34.18794185,-119.2235207,64.28870679,8.231911906
366,13.42714685,0.0006684138317,34.1879378,-119.2235199,64.28111117,8.315148642
367,13.40101549,0.0006805503712,34.18794717,-119.2235096,64.27885315,8.433515545
368,13.42257814,0.0006850796564,34.18795162,-119.2234933,64.28262244,8.359030797
369,13.39555514,0.00068792077,34.18795346,-119.2234951,64.2889292,8.3450956
370,13.38409011,0.000711308071,34.1879356,-119.2234815,64.28578427,8.298720021
371,13.40717652,0.0007282576577,34.18792995,-119.2234802,64.28200609,8.323277429
372,13.39949714,0.0007245141901,34.18789909,-119.223483,64.27756385,8.294243725
373,13.37383477,0.0007260492742,34.18789329,-119.2234862,64.28090649,8.344721345
374,13.38199911,0.0007068398262,34.18790355,-119.2235044,64.27676477,8.300303259
375,13.37518417,0.0006927692217,34.18791483,-119.2235114,64.27307253,8.202238735
376,13.34394578,0.0006896373843,34.18791748,-119.2235172,64.28347593,8.351166514
377,13.31256014,0.0006765841613,34.18793428,-119.2235213,64.28235451,8.476506267
378,13.31836222,0.0006735887786,34.18794377,-119.2235265,64.28671479,8.262827508
379,13.29583119,0.0006629918984,34.18794755,-119.223534,64.28247262,8.186969499
380,13.28764695,0.0006818737733,34.18792756,-119.2235306,64.28491875,8.257144817
381,13.29092758,0.0006911822828,34.18792616,-119.2235289,64.29365922,8.287638724
382,13.30219599,0.0006926371452,34.18793612,-119.2235312,64.29383453,8.375515777
383,13.26061878,0.0007252642905,34.18793394,-119.2235258,64.29247818,8.2929765
384,13.26291742,0.000703474071,34.18794192,-119.2235262,64.29541466,8.454701644
385,13.27623703,0.0006996504108,34.18795257,-119.223518,64.286177,8.218853717
386,13.32119589,0.000701518399,34.18795986,-119.2235061,64.27973927,8.345003718
387,13.30331493,0.0006861563146,34.18795819,-119.2234991,64.2873124,8.321029269
388,13.31573514,0.0007038436106,34.18793889,-119.2234994,64.27668467,8.318521708
389,13.32734207,0.0007104817487,34.18794311,-119.2234929,64.2757502,8.346810838
390,13.31367342,0.0007014246752,34.18794141,-119.2234884,64.28097626,8.33204477
391,13.29983404,0.0007171939857,34.18794261,-119.2234774,64.27516102,8.250309567
392,13.31379412,0.0007052863084,34.18794154,-119.2234677,64.27761744,8.357294378
393,13.34535748,0.0006983355318,34.18795805,-119.2234564,64.27563365,8.326241717
394,13.35913631,0.0006791954192,34.18795391,-119.223476,64.27196583,8.288947902
395,13.32840035,0.0007145408083,34.18794329,-119.2234634,64.2682715,8.219284361
396,13.29900722,0.000733295842,34.18792117,-119.2234621,64.26937741,8.163921594
397,13.31710222,0.0007313631454,34.18791063,-119.2234601,64.27136118,8.280546458
398,13.31687352,0.0007094871588,34.18792251,-119.2234803,64.27880608,8.340542263
399,13.33096331,0.0006999799807,34.18793327,-119.2234766,64.28635577,8.205389892
400,13.32742275,0.0007134350988,34.18795066,-119.2234598,64.27969155,8.334023176
401,13.27986403,0.0006866006049,34.18796384,-119.2234594,64.28469139,8.0092594
402,13.2990359,0.0006854767443,34.18797429,-119.2234525,64.28376636,8.315078339
403,13.2869838,0.0006827523311,34.18798024,-119.2234496,64.29303721,8.319816083
404,13.28503227,0.0006860361167,34.18798656,-119.223464,64.28701729,8.274270063
405,13.27212646,0.0007084523079,34.18798427,-119.223452,64.2878865,8.150915442
406,13.23987174,0.0007041558899,34.18798707,-119.223461,64.28364871,8.209294881
407,13.25562971,0.0007202182314,34.18796458,-119.2234537,64.28192508,8.226626264
408,13.2331717,0.0007126202324,34.18796854,-119.223461,64.28477042,8.266604644
409,13.26561325,0.0007066253138,34.18796749,-119.2234716,64.28349575,8.17801996
410,13.23093885,0.0007071442222,34.18795893,-119.2234716,64.277174,8.307637406
411,13.22044473,0.0007343804703,34.18793109,-119.2234571,64.27886705,8.204512234
412,13.22431797,0.0007544988459,34.18792583,-119.2234403,64.28485568,8.234627905
413,13.23534702,0.0007615718659,34.18793427,-119.2234302,64.28324991,8.245301245
414,13.26079358,0.0007670732789,34.18792971,-119.2234252,64.27629908,8.118943956
415,13.24469615,0.0007530692707,34.18793422,-119.2234387,64.28336415,8.383874623
416,13.24109688,0.0007585757193,34.18792983,-119.2234316,64.28082738,8.080615316
417,13.2727317,0.0007419125072,34.18794755,-119.2234432,64.27750342,8.276542657
418,13.25571698,0.0007096269091,34.18796205,-119.2234526,64.27940217,8.271902586
419,13.23477131,0.0007262654305,34.18795854,-119.2234552,64.28203942,8.081291411
420,13.22255558,0.0007099455136,34.18796435,-119.2234769,64.27944232,8.238327617
421,13.22085782,0.0007064591274,34.18797512,-119.2234767,64.27949328,8.220789975
422,13.19798853,0.0006972391784,34.18798628,-119.2234647,64.2839923,8.303747045
423,13.16447847,0.0007078144349,34.1879781,-119.223471,64.27745591,8.262150216
424,13.15813542,0.0007007694532,34.18798657,-119.2234744,64.27488797,8.256835537
425,13.14717118,0.000699565957,34.18797033,-119.2234675,64.27463971,8.042322412
426,13.13907156,0.0006900382022,34.18799693,-119.2234536,64.27689763,8.224403559
427,13.13482359,0.0006882913555,34.18800877,-119.2234415,64.28193565,8.309847716
428,13.12227957,0.0006960670851,34.1880126,-119.22344,64.28115067,8.210109236
429,13.09250948,0.0006871400982,34.1880041,-119.2234442,64.27680064,8.0198642
430,13.08023501,0.0006875511646,34.18799785,-119.2234494,64.27506641,8.127496961
431,13.10703903,0.000686673828,34.18799153,-119.2234514,64.27464286,8.245168033
432,13.12437429,0.000692605404,34.18799221,-119.2234487,64.26919008,8.131910541
433,13.08798569,0.0006957267965,34.18798656,-119.2234462,64.27675408,8.336243203
434,13.06597992,0.0006914630006,34.18798807,-119.2234385,64.27601968,8.247018519
435,13.01514519,0.0006799181202,34.18799704,-119.2234369,64.28200778,8.100443149
436,13.02900009,0.0006687128711,34.18798159,-119.2234308,64.2793872,8.164843533
437,13.0059513,0.0006605034796,34.18797121,-119.2234357,64.27233678,8.048540342
438,13.02378905,0.0006341075819,34.18797562,-119.2234492,64.27409378,8.116176141
439,13.01451783,0.0006072472987,34.1879794,-119.2234601,64.27414945,8.336557836
440,12.96667672,0.0006034936599,34.18797847,-119.2234573,64.26903681,8.058170238
441,13.02177406,0.0006069640563,34.18798136,-119.2234482,64.27243932,8.186744229
442,13.02002485,0.0005907695306,34.18798107,-119.2234565,64.25474273,8.108083122
443,13.08969219,0.0005960489877,34.18798055,-119.2234561,64.25646145,8.237615444
444,13.09894502,0.0005946656954,34.18798399,-119.2234571,64.25854282,8.224446582
445,13.12720969,0.0005793651303,34.18800423,-119.22346,64.25879835,8.031837273
446,13.08556523,0.0005815632856,34.18801093,-119.2234669,64.26343309,8.01639505
447,13.10319788,0.0005656830123,34.18802535,-119.2234669,64.25595298,7.991106735
448,13.09531758,0.0005414509422,34.18803959,-119.22348,64.25866867,8.231012024
449,13.09085661,0.0005437580242,34.1880287,-119.2234708,64.25245886,8.202315905
450,13.11050309,0.000537259313,34.18801629,-119.2234796,64.2515988,8.06778489
451,13.07060884,0.0005035080908,34.18803143,-119.2234888,64.24881537,8.181564885
452,13.05450738,0.0004812382184,34.188037,-119.2234904,64.25104099,8.290790805
453,13.06460256,0.0004896058274,34.18802845,-119.2234882,64.24937541,8.09594513
454,13.04550569,0.0004847823851,34.18802593,-119.2234964,64.25614597,8.18849954
455,13.0670051,0.0004979186361,34.1880243,-119.2235004,64.26330759,8.012609509
456,13.0772979,0.0005065667921,34.18803664,-119.2235082,64.26083959,8.197583749
457,13.04126843,0.0005040743277,34.18804525,-119.2235121,64.26007958,8.019936368
458,13.0661718,0.0005208995496,34.18803697,-119.2235016,64.2626352,8.04111187
459,13.05600133,0.0005136354746,34.18803538,-119.2235115,64.26959584,8.044582086
460,13.05891927,0.0005206644227,34.18803332,-119.2235079,64.26771812,8.154071417
461,13.06255051,0.0005209419947,34.18803445,-119.2235082,64.26970007,8.099486959
462,13.05725702,0.0005130748712,34.18803883,-119.2235068,64.27261438,8.010613668
463,13.04628997,0.0005058986909,34.18804468,-119.223508,64.27584521,8.038595741
464,13.07096786,0.0005021797968,34.18806359,-119.2235111,64.27551366,7.993155443
465,13.02800915,0.0005102941114,34.1880591,-119.2234964,64.27400405,8.178002593
466,13.08353785,0.0005198509454,34.18803819,-119.2235063,64.26819274,8.072007306
467,13.07644849,0.0005494252694,34.18802857,-119.2234957,64.26644331,8.199694559
468,13.12602598,0.0005501331734,34.18802268,-119.2235044,64.27371414,7.93306319
469,13.09220378,0.0005738554163,34.18802316,-119.2234904,64.27745823,8.096643867
470,13.08382431,0.0005902880534,34.18803378,-119.2234833,64.2746882,8.107501322
471,13.0821798,0.0005892620458,34.18803119,-119.2234794,64.27286381,8.06303585
472,13.05228003,0.0005691585776,34.18802427,-119.2234964,64.272557,8.188647381
473,13.06795977,0.0005415416967,34.18804109,-119.2235136,64.27383793,7.965824478
474,13.09527943,0.0005389787174,34.1880548,-119.2235232,64.27615711,8.133316163
475,13.09789617,0.0005121129518,34.18806994,-119.2235435,64.2745116,7.914216027
476,13.10234319,0.0005177977447,34.18807292,-119.2235427,64.27567591,8.008947417
477,13.09690811,0.0005100469658,34.18808149,-119.2235416,64.28294021,8.119902319
478,13.08783177,0.0005120543252,34.18807685,-119.2235254,64.28171555,7.92455127
479,13.08774018,0.0004794777133,34.18806831,-119.2235346,64.28085758,8.164005876
480,13.11586635,0.0005179173073,34.18806514,-119.2235184,64.28829271,8.213631411
481,13.09107116,0.0005214015308,34.1880591,-119.2235265,64.29338794,8.025211579
482,13.0987087,0.0005487657695,34.1880525,-119.2235037,64.30932757,7.898899073
483,13.0837101,0.0005563248634,34.18804253,-119.2235052,64.30271712,8.038590363
484,13.15543946,0.0005584948548,34.18804433,-119.2235094,64.30595272,7.930753381
485,13.1618779,0.000547864175,34.1880365,-119.2235078,64.3029039,8.031874255
486,13.15364052,0.0005322124606,34.18804879,-119.2235067,64.28844543,8.055313303
487,13.15748969,0.0005213382856,34.18804712,-119.2235098,64.28453276,8.096711564
488,13.16456945,0.0005278860779,34.18804374,-119.2235032,64.28562316,7.986630516
489,13.18603496,0.0005296038563,34.1880467,-119.2235063,64.28549013,7.911386712
490,13.17408099,0.0005473296433,34.18803446,-119.2234942,64.29304623,8.258322868
491,13.10956542,0.000550109306,34.1880404,-119.223495,64.29950415,8.007455512
492,13.07521239,0.0005447334712,34.18803579,-119.2234959,64.29704945,8.033927219
493,13.04321311,0.0005554787832,34.18803934,-119.2234937,64.28991084,8.018290514
494,13.05119604,0.0005523224644,34.18804176,-119.2234913,64.29429077,7.99498472
495,13.03426525,0.0005811411245,34.18805459,-119.2234742,64.2914274,8.040847474
496,13.00548527,0.0005799184639,34.18806407,-119.2234822,64.28650312,7.98681852
497,13.00167254,0.0006062228005,34.18804635,-119.2234578,64.28219459,7.938349381
498,13.00753582,0.0006390012865,34.18803141,-119.2234499,64.28319092,8.127213579
499,13.00943815,0.0006423867594,34.18804024,-119.2234438,64.28875653,7.956236381
500,12.9812444,0.00063969687,34.18805341,-119.2234565,64.28462214,8.03554662
501,12.9903393,0.000634967296,34.1880411,-119.2234722,64.27733423,7.883165065
502,12.97429086,0.0006505266977,34.18805143,-119.2234649,64.27288198,8.023494879
503,12.96083042,0.0006616775061,34.18804389,-119.2234597,64.27533518,7.900388224
504,12.90308038,0.0006755388244,34.18802934,-119.2234482,64.27767668,7.998470461
505,12.9018015,0.0006663847557,34.18802985,-119.2234521,64.28153206,7.984163454
506,12.92003677,0.0006660543282,34.18801784,-119.2234493,64.28218487,7.964161363
507,12.92400743,0.0006578487204,34.18802497,-119.2234554,64.28678833,8.027505156
508,12.92813855,0.0006726537869,34.18801512,-119.2234436,64.28821271,7.892120963
509,12.87938733,0.0006726719417,34.18801755,-119.2234395,64.28490611,7.971390819
510,12.85180807,0.0006706339205,34.1880375,-119.2234398,64.28045625,7.995042169
511,12.83484187,0.0006687735644,34.18804723,-119.223442,64.2772185,7.996932726
512,12.8027605,0.0006610249454,34.18804998,-119.2234463,64.28508291,7.843659896
513,12.78119264,0.0006531267078,34.18804975,-119.2234569,64.28773937,7.97492873
514,12.79124233,0.0006433753522,34.18806015,-119.2234569,64.28836525,7.995617577
515,12.79137184,0.0006344935116,34.18804429,-119.2234645,64.28358639,7.880230556
516,12.79244132,0.0006408351931,34.18803267,-119.2234706,64.2819187,7.852401435
517,12.82479235,0.0006527441537,34.18801432,-119.2234738,64.27842279,8.024342137
518,12.83233419,0.0006526102158,34.18802272,-119.2234707,64.28181354,8.018444531
519,12.8297121,0.0006813310366,34.18800331,-119.2234533,64.28207529,7.842729666
520,12.84929042,0.0006831809499,34.18799045,-119.2234437,64.27852862,8.05950622
521,12.82123608,0.0006781034133,34.18798122,-119.2234493,64.28563271,7.829608143
522,12.8492587,0.0006757947102,34.18797832,-119.2234511,64.28486489,7.808962067
523,12.83756332,0.0006941915886,34.1879625,-119.22344,64.2843922,7.895145222
524,12.88941822,0.0007127192808,34.18795475,-119.2234332,64.28996383,7.897036821
525,12.88703153,0.0007200075443,34.18796722,-119.2234344,64.28887069,7.929085342
526,12.89532875,0.000732562306,34.18794924,-119.2234199,64.2918962,7.777857873
527,12.89257762,0.0007162663832,34.18793733,-119.2234375,64.29552596,7.972546047
528,12.90207073,0.0007281953063,34.18792606,-119.2234183,64.29390415,7.898576771
529,12.93558266,0.0007261321886,34.1879236,-119.2234302,64.2853113,7.794589499
530,12.93647606,0.0007348744614,34.18791345,-119.2234317,64.27560638,7.804830454
531,12.89388948,0.0007072487234,34.18793965,-119.223433,64.27273154,7.99385058
532,12.90501544,0.0006981172363,34.18794408,-119.2234402,64.27485344,7.905695179
533,12.89477511,0.0007025057331,34.18794463,-119.2234406,64.27585792,8.006809003
534,12.88651,0.0007394252799,34.18793445,-119.2234055,64.27258527,7.941401282
535,12.89573481,0.0007514560577,34.18792461,-119.2233938,64.27744003,7.999278375
536,12.95671983,0.0007344074498,34.18792039,-119.2234011,64.2798232,7.732962112
537,12.93824967,0.0007320745649,34.18793752,-119.2233944,64.28100566,7.811414736
538,12.90556785,0.0007275429752,34.18793224,-119.2234093,64.27693641,7.796851507
539,12.92014862,0.000715458825,34.18794494,-119.2234115,64.2791556,7.941122932
540,12.9094774,0.0007249532931,34.18795866,-119.2233978,64.27595648,7.944887486
541,12.89605297,0.0007283123846,34.18793795,-119.2233983,64.27204951,7.929427336
542,12.88373074,0.0007356563205,34.18793681,-119.2233955,64.2705633,7.772717272
543,12.85195106,0.0007284783957,34.18794922,-119.2233809,64.27065303,7.914896835
544,12.82211994,0.0007198466394,34.18795681,-119.2234097,64.26862559,7.867746492
545,12.82917623,0.0007043763681,34.18796368,-119.2234116,64.26885445,7.811628292
546,12.806128,0.0007123293046,34.18795919,-119.2234014,64.26619779,7.917570832
547,12.78791694,0.0007078750116,34.18796419,-119.2233999,64.27024647,7.947486543
548,12.78679782,0.0007142103825,34.1879581,-119.2234048,64.26896071,7.843288038
549,12.81595123,0.0007030772205,34.18796614,-119.2233951,64.26981084,8.006023901
550,12.78826953,0.0007095678728,34.18797167,-119.2233943,64.27135311,7.752208952
551,12.79016508,0.0007145059672,34.18797496,-119.2233834,64.2763839,7.774229677
552,12.80151837,0.0007054648847,34.18797439,-119.2233928,64.28002593,7.802779467
553,12.77303537,0.0007088200377,34.18797348,-119.2233872,64.27867734,7.951042768
554,12.76701744,0.0007216644837,34.18797978,-119.2233859,64.28855819,7.917393569
555,12.75089335,0.0007398249913,34.18796017,-119.2233886,64.28555934,7.77973976
556,12.75615559,0.0007315319705,34.18795591,-119.2233865,64.2885985,7.843154995
557,12.71592629,0.0007211242859,34.18794513,-119.2233901,64.2921685,7.899163571
558,12.71384523,0.0007291278582,34.18794236,-119.2233867,64.2916452,7.846954937
559,12.70873367,0.0007306937904,34.18793571,-119.2233862,64.28437649,7.732269434
560,12.71291729,0.0007411313208,34.1879327,-119.2233786,64.28198205,7.822531522
561,12.72256436,0.0007492103555,34.1879407,-119.2233654,64.28236695,7.700077977
562,12.70321627,0.000754104756,34.18793351,-119.2233641,64.2828185,8.035117674
563,12.74609643,0.0007220291481,34.18794729,-119.2233639,64.28099087,7.853530994
564,12.73426985,0.0007160438936,34.18794591,-119.2233658,64.28413135,7.796155891
565,12.74682983,0.0007179622433,34.18793703,-119.2233729,64.285831,7.741465134
566,12.80373059,0.0007024135373,34.18794736,-119.2233761,64.29073646,7.917287574
567,12.77190328,0.0007120355887,34.18795031,-119.2233775,64.28570063,7.743434705
568,12.79229198,0.000694444323,34.18795595,-119.2233909,64.28959378,7.656179057
569,12.78932471,0.0007014693936,34.18795376,-119.2233944,64.29267658,7.621996846
570,12.78404874,0.0006968331185,34.18793973,-119.223414,64.30237747,7.842718751
571,12.79950805,0.00071125715,34.18792924,-119.2234093,64.29837371,7.903802692
572,12.81795687,0.0007351832191,34.18792148,-119.2233959,64.29434192,7.760477832
573,12.82751414,0.0007269142868,34.1879206,-119.2234047,64.29272533,7.741859024
574,12.78443851,0.0007152295874,34.18792362,-119.2234199,64.29492149,7.84543149
575,12.84396741,0.0007541514359,34.18791304,-119.2234063,64.28913188,7.702738802
576,12.8253214,0.0007477787568,34.18790753,-119.2234007,64.28572273,7.762756057
577,12.84369433,0.0007510381268,34.18790545,-119.2234012,64.28939147,7.856636594
578,12.8442846,0.0007435251098,34.18791963,-119.2234057,64.2813093,7.80718435
579,12.86582354,0.0007713534487,34.18790975,-119.2234016,64.28275826,7.605330518
580,12.85767993,0.0007792615517,34.18792265,-119.2233925,64.28704891,7.656332049
581,12.80912981,0.0007979248872,34.18790929,-119.223383,64.2866163,7.776709025
582,12.83932236,0.0007924891085,34.18790867,-119.2233865,64.29845036,7.726289204
583,12.84096736,0.0007978753096,34.18791463,-119.2233881,64.29553654,7.699604313
584,12.83646693,0.0008039271886,34.18792157,-119.2233872,64.28590956,7.645578255
585,12.86148759,0.0008127956294,34.18791903,-119.2233824,64.28603915,7.772941767
586,12.87636302,0.0007972940987,34.18792465,-119.223381,64.28275193,7.623180003
587,12.90816974,0.0008496442284,34.18790799,-119.2233485,64.28660867,7.748448434
588,12.89264212,0.0008661180869,34.18790602,-119.2233449,64.28311072,7.588574259
589,12.84524718,0.0008521243669,34.18791544,-119.2233401,64.27874637,7.751109536
590,12.83646638,0.0008463624432,34.18792082,-119.2233479,64.27894891,7.810881214
591,12.83504251,0.0008519416425,34.18791702,-119.2233423,64.27868371,7.680141994
592,12.80947996,0.0008466415158,34.1879157,-119.2233418,64.28114005,7.753875684
593,12.80832254,0.0008419717872,34.1879205,-119.2233312,64.27452931,7.836819785
594,12.78587258,0.0008300991338,34.18791629,-119.2233469,64.27081516,7.707004946
595,12.7822137,0.0008520981024,34.18790658,-119.2233258,64.27062412,7.824242994
596,12.72202105,0.0008369141045,34.18790386,-119.2233442,64.2620709,7.768406802
597,12.73166495,0.0008421354919,34.18787922,-119.223353,64.26568865,7.674756709
598,12.70939064,0.0008341241914,34.18789551,-119.2233549,64.26368202,7.633696656
599,12.72823169,0.0008231742006,34.18790451,-119.2233495,64.26440816,7.635652409